R,Theta,Z,E_kin, Vsplit_x, Vsplit_y, Vsplit_z
0.1, 0.0872664626, 0.0, 100, 1, 0, 4
0.318, 0.1047197553, 0.43, 100, 1, 1, 0
0.318, 0.7853981634, 0.43, 100, 1, 1, 0