R,Theta,Z,E_kin, Vsplit_x, Vsplit_y, Vsplit_z
0.318, 0.6108652381, 0.0, 100, 1, 0, 1
0.318, 0.6981317008, 0.0, 100, 1, 0, 1
0.318, 0.7853981634, 0.0, 100, 1, 0, 1
0.005, 0.6108652381, 0.0, 100, 1, 0, 1
0.005, 0.6981317008, 0.0, 100, 1, 0, 1
0.005, 0.7853981634, 0.0, 100, 1, 0, 1